"","V1","V2","V3","V4","V5","V6","V7","V8","V9","V10"
"1",728585,938560,NA,NA,NA,NA,NA,NA,NA,NA
"2",0,NA,NA,NA,NA,NA,NA,NA,NA,NA
"3",33092,481250,1176662,NA,NA,NA,NA,NA,NA,NA
"4",0,NA,NA,NA,NA,NA,NA,NA,NA,NA
"5",0,NA,NA,NA,NA,NA,NA,NA,NA,NA
"6",381887,854996,1214898,1296769,1449732,NA,NA,NA,NA,NA
"7",405780,471132,805486,1086891,NA,NA,NA,NA,NA,NA
"8",58983,718192,NA,NA,NA,NA,NA,NA,NA,NA
"9",604259,866492,1082297,1314408,NA,NA,NA,NA,NA,NA
"10",209632,217942,639865,810711,1348923,NA,NA,NA,NA,NA
"11",0,NA,NA,NA,NA,NA,NA,NA,NA,NA
"12",1291074,1345988,NA,NA,NA,NA,NA,NA,NA,NA
"13",0,NA,NA,NA,NA,NA,NA,NA,NA,NA
"14",1332596,NA,NA,NA,NA,NA,NA,NA,NA,NA
"15",0,NA,NA,NA,NA,NA,NA,NA,NA,NA
"16",0,NA,NA,NA,NA,NA,NA,NA,NA,NA
"17",0,NA,NA,NA,NA,NA,NA,NA,NA,NA
"18",394432,1464054,NA,NA,NA,NA,NA,NA,NA,NA
"19",0,NA,NA,NA,NA,NA,NA,NA,NA,NA
"20",0,NA,NA,NA,NA,NA,NA,NA,NA,NA
"21",0,NA,NA,NA,NA,NA,NA,NA,NA,NA
"22",651153,NA,NA,NA,NA,NA,NA,NA,NA,NA
"23",0,NA,NA,NA,NA,NA,NA,NA,NA,NA
"24",465309,NA,NA,NA,NA,NA,NA,NA,NA,NA
"25",463768,1123985,NA,NA,NA,NA,NA,NA,NA,NA
"26",371467,NA,NA,NA,NA,NA,NA,NA,NA,NA
"27",0,NA,NA,NA,NA,NA,NA,NA,NA,NA
"28",0,NA,NA,NA,NA,NA,NA,NA,NA,NA
"29",129733,NA,NA,NA,NA,NA,NA,NA,NA,NA
"30",0,NA,NA,NA,NA,NA,NA,NA,NA,NA
"31",0,NA,NA,NA,NA,NA,NA,NA,NA,NA
"32",420244,583326,1127756,NA,NA,NA,NA,NA,NA,NA
"33",817613,NA,NA,NA,NA,NA,NA,NA,NA,NA
"34",0,NA,NA,NA,NA,NA,NA,NA,NA,NA
"35",0,NA,NA,NA,NA,NA,NA,NA,NA,NA
"36",0,NA,NA,NA,NA,NA,NA,NA,NA,NA
"37",0,NA,NA,NA,NA,NA,NA,NA,NA,NA
"38",0,NA,NA,NA,NA,NA,NA,NA,NA,NA
"39",0,NA,NA,NA,NA,NA,NA,NA,NA,NA
"40",212193,730420,933361,NA,NA,NA,NA,NA,NA,NA
"41",67938,1040241,1394871,NA,NA,NA,NA,NA,NA,NA
"42",0,NA,NA,NA,NA,NA,NA,NA,NA,NA
"43",487403,NA,NA,NA,NA,NA,NA,NA,NA,NA
"44",1128383,NA,NA,NA,NA,NA,NA,NA,NA,NA
"45",0,NA,NA,NA,NA,NA,NA,NA,NA,NA
"46",914214,NA,NA,NA,NA,NA,NA,NA,NA,NA
"47",0,NA,NA,NA,NA,NA,NA,NA,NA,NA
"48",0,NA,NA,NA,NA,NA,NA,NA,NA,NA
"49",0,NA,NA,NA,NA,NA,NA,NA,NA,NA
"50",0,NA,NA,NA,NA,NA,NA,NA,NA,NA
"51",176484,215159,271628,357526,769319,772900,944317,1426765,NA,NA
"52",0,NA,NA,NA,NA,NA,NA,NA,NA,NA
"53",0,NA,NA,NA,NA,NA,NA,NA,NA,NA
"54",0,NA,NA,NA,NA,NA,NA,NA,NA,NA
"55",0,NA,NA,NA,NA,NA,NA,NA,NA,NA
"56",0,NA,NA,NA,NA,NA,NA,NA,NA,NA
"57",0,NA,NA,NA,NA,NA,NA,NA,NA,NA
"58",0,NA,NA,NA,NA,NA,NA,NA,NA,NA
"59",0,NA,NA,NA,NA,NA,NA,NA,NA,NA
"60",87847,311705,513983,1247781,1455625,1460946,NA,NA,NA,NA
"61",0,NA,NA,NA,NA,NA,NA,NA,NA,NA
"62",0,NA,NA,NA,NA,NA,NA,NA,NA,NA
"63",901320,NA,NA,NA,NA,NA,NA,NA,NA,NA
"64",0,NA,NA,NA,NA,NA,NA,NA,NA,NA
"65",0,NA,NA,NA,NA,NA,NA,NA,NA,NA
"66",515711,NA,NA,NA,NA,NA,NA,NA,NA,NA
"67",0,NA,NA,NA,NA,NA,NA,NA,NA,NA
"68",1196962,NA,NA,NA,NA,NA,NA,NA,NA,NA
"69",0,NA,NA,NA,NA,NA,NA,NA,NA,NA
"70",0,NA,NA,NA,NA,NA,NA,NA,NA,NA
"71",0,NA,NA,NA,NA,NA,NA,NA,NA,NA
"72",577693,NA,NA,NA,NA,NA,NA,NA,NA,NA
"73",297810,NA,NA,NA,NA,NA,NA,NA,NA,NA
"74",0,NA,NA,NA,NA,NA,NA,NA,NA,NA
"75",1418055,NA,NA,NA,NA,NA,NA,NA,NA,NA
"76",1320758,1426157,NA,NA,NA,NA,NA,NA,NA,NA
"77",693211,NA,NA,NA,NA,NA,NA,NA,NA,NA
"78",440305,1459810,NA,NA,NA,NA,NA,NA,NA,NA
"79",0,NA,NA,NA,NA,NA,NA,NA,NA,NA
"80",52648,NA,NA,NA,NA,NA,NA,NA,NA,NA
"81",0,NA,NA,NA,NA,NA,NA,NA,NA,NA
"82",0,NA,NA,NA,NA,NA,NA,NA,NA,NA
"83",156284,904268,913523,933589,1147669,NA,NA,NA,NA,NA
"84",0,NA,NA,NA,NA,NA,NA,NA,NA,NA
"85",474386,NA,NA,NA,NA,NA,NA,NA,NA,NA
"86",597962,NA,NA,NA,NA,NA,NA,NA,NA,NA
"87",0,NA,NA,NA,NA,NA,NA,NA,NA,NA
"88",0,NA,NA,NA,NA,NA,NA,NA,NA,NA
"89",542694,657470,NA,NA,NA,NA,NA,NA,NA,NA
"90",689500,NA,NA,NA,NA,NA,NA,NA,NA,NA
"91",931482,1246351,NA,NA,NA,NA,NA,NA,NA,NA
"92",762306,1173676,NA,NA,NA,NA,NA,NA,NA,NA
"93",526739,NA,NA,NA,NA,NA,NA,NA,NA,NA
"94",1150350,NA,NA,NA,NA,NA,NA,NA,NA,NA
"95",852880,1205501,1469560,NA,NA,NA,NA,NA,NA,NA
"96",0,NA,NA,NA,NA,NA,NA,NA,NA,NA
"97",0,NA,NA,NA,NA,NA,NA,NA,NA,NA
"98",588741,NA,NA,NA,NA,NA,NA,NA,NA,NA
"99",0,NA,NA,NA,NA,NA,NA,NA,NA,NA
"100",1053452,NA,NA,NA,NA,NA,NA,NA,NA,NA
"101",184327,1140140,NA,NA,NA,NA,NA,NA,NA,NA
"102",271561,NA,NA,NA,NA,NA,NA,NA,NA,NA
"103",0,NA,NA,NA,NA,NA,NA,NA,NA,NA
"104",560994,657726,665922,683329,940638,NA,NA,NA,NA,NA
"105",135767,329238,NA,NA,NA,NA,NA,NA,NA,NA
"106",912798,NA,NA,NA,NA,NA,NA,NA,NA,NA
"107",571967,NA,NA,NA,NA,NA,NA,NA,NA,NA
"108",153023,867942,NA,NA,NA,NA,NA,NA,NA,NA
"109",0,NA,NA,NA,NA,NA,NA,NA,NA,NA
"110",0,NA,NA,NA,NA,NA,NA,NA,NA,NA
"111",0,NA,NA,NA,NA,NA,NA,NA,NA,NA
"112",615595,771503,NA,NA,NA,NA,NA,NA,NA,NA
"113",0,NA,NA,NA,NA,NA,NA,NA,NA,NA
"114",590269,1418488,NA,NA,NA,NA,NA,NA,NA,NA
"115",315638,666313,875280,896242,1190457,1226874,1262351,NA,NA,NA
"116",0,NA,NA,NA,NA,NA,NA,NA,NA,NA
"117",0,NA,NA,NA,NA,NA,NA,NA,NA,NA
"118",96160,191626,228476,356268,719964,915083,939282,1295403,NA,NA
"119",623659,972253,993072,NA,NA,NA,NA,NA,NA,NA
"120",1414181,NA,NA,NA,NA,NA,NA,NA,NA,NA
"121",0,NA,NA,NA,NA,NA,NA,NA,NA,NA
"122",812725,893387,1334427,NA,NA,NA,NA,NA,NA,NA
"123",252124,1330675,NA,NA,NA,NA,NA,NA,NA,NA
"124",421707,1386153,NA,NA,NA,NA,NA,NA,NA,NA
"125",10390,1098918,1167106,1179722,1255783,1433454,1436386,NA,NA,NA
"126",0,NA,NA,NA,NA,NA,NA,NA,NA,NA
"127",491820,537964,763030,968359,NA,NA,NA,NA,NA,NA
"128",0,NA,NA,NA,NA,NA,NA,NA,NA,NA
"129",0,NA,NA,NA,NA,NA,NA,NA,NA,NA
"130",1312147,NA,NA,NA,NA,NA,NA,NA,NA,NA
"131",0,NA,NA,NA,NA,NA,NA,NA,NA,NA
"132",360645,520802,605067,1020742,1173412,1281719,1287425,1301815,1425887,NA
"133",0,NA,NA,NA,NA,NA,NA,NA,NA,NA
"134",0,NA,NA,NA,NA,NA,NA,NA,NA,NA
"135",54372,410501,452577,755946,NA,NA,NA,NA,NA,NA
"136",0,NA,NA,NA,NA,NA,NA,NA,NA,NA
"137",0,NA,NA,NA,NA,NA,NA,NA,NA,NA
"138",0,NA,NA,NA,NA,NA,NA,NA,NA,NA
"139",0,NA,NA,NA,NA,NA,NA,NA,NA,NA
"140",0,NA,NA,NA,NA,NA,NA,NA,NA,NA
"141",0,NA,NA,NA,NA,NA,NA,NA,NA,NA
"142",0,NA,NA,NA,NA,NA,NA,NA,NA,NA
"143",0,NA,NA,NA,NA,NA,NA,NA,NA,NA
"144",0,NA,NA,NA,NA,NA,NA,NA,NA,NA
"145",1469209,NA,NA,NA,NA,NA,NA,NA,NA,NA
"146",244706,321977,661332,812938,881376,1155008,1332168,NA,NA,NA
"147",0,NA,NA,NA,NA,NA,NA,NA,NA,NA
"148",341423,360859,416216,424736,576785,928665,949080,989998,NA,NA
"149",362914,444368,NA,NA,NA,NA,NA,NA,NA,NA
"150",212537,624063,685382,NA,NA,NA,NA,NA,NA,NA
"151",0,NA,NA,NA,NA,NA,NA,NA,NA,NA
"152",152669,736082,849326,NA,NA,NA,NA,NA,NA,NA
"153",0,NA,NA,NA,NA,NA,NA,NA,NA,NA
"154",0,NA,NA,NA,NA,NA,NA,NA,NA,NA
"155",243924,574593,979081,1335931,NA,NA,NA,NA,NA,NA
"156",88847,741401,805733,NA,NA,NA,NA,NA,NA,NA
"157",348737,505065,NA,NA,NA,NA,NA,NA,NA,NA
"158",0,NA,NA,NA,NA,NA,NA,NA,NA,NA
"159",90819,191220,573716,NA,NA,NA,NA,NA,NA,NA
"160",35003,183741,409415,NA,NA,NA,NA,NA,NA,NA
"161",1029062,1131624,NA,NA,NA,NA,NA,NA,NA,NA
"162",0,NA,NA,NA,NA,NA,NA,NA,NA,NA
"163",283966,368688,827722,NA,NA,NA,NA,NA,NA,NA
"164",333376,NA,NA,NA,NA,NA,NA,NA,NA,NA
"165",0,NA,NA,NA,NA,NA,NA,NA,NA,NA
"166",1403245,NA,NA,NA,NA,NA,NA,NA,NA,NA
"167",0,NA,NA,NA,NA,NA,NA,NA,NA,NA
"168",142211,NA,NA,NA,NA,NA,NA,NA,NA,NA
"169",0,NA,NA,NA,NA,NA,NA,NA,NA,NA
"170",0,NA,NA,NA,NA,NA,NA,NA,NA,NA
"171",309357,837210,NA,NA,NA,NA,NA,NA,NA,NA
"172",0,NA,NA,NA,NA,NA,NA,NA,NA,NA
"173",0,NA,NA,NA,NA,NA,NA,NA,NA,NA
"174",1021985,NA,NA,NA,NA,NA,NA,NA,NA,NA
"175",0,NA,NA,NA,NA,NA,NA,NA,NA,NA
"176",0,NA,NA,NA,NA,NA,NA,NA,NA,NA
"177",424598,NA,NA,NA,NA,NA,NA,NA,NA,NA
"178",0,NA,NA,NA,NA,NA,NA,NA,NA,NA
"179",0,NA,NA,NA,NA,NA,NA,NA,NA,NA
"180",162703,NA,NA,NA,NA,NA,NA,NA,NA,NA
"181",0,NA,NA,NA,NA,NA,NA,NA,NA,NA
"182",229154,241144,459786,815968,844180,936161,1272623,1371527,NA,NA
"183",0,NA,NA,NA,NA,NA,NA,NA,NA,NA
"184",410060,762311,NA,NA,NA,NA,NA,NA,NA,NA
"185",0,NA,NA,NA,NA,NA,NA,NA,NA,NA
"186",239610,741309,1383107,1467119,NA,NA,NA,NA,NA,NA
"187",0,NA,NA,NA,NA,NA,NA,NA,NA,NA
"188",0,NA,NA,NA,NA,NA,NA,NA,NA,NA
"189",79509,1252683,1440488,NA,NA,NA,NA,NA,NA,NA
"190",756679,909152,1118744,NA,NA,NA,NA,NA,NA,NA
"191",395218,NA,NA,NA,NA,NA,NA,NA,NA,NA
"192",0,NA,NA,NA,NA,NA,NA,NA,NA,NA
"193",626278,886800,NA,NA,NA,NA,NA,NA,NA,NA
"194",0,NA,NA,NA,NA,NA,NA,NA,NA,NA
"195",0,NA,NA,NA,NA,NA,NA,NA,NA,NA
"196",0,NA,NA,NA,NA,NA,NA,NA,NA,NA
"197",103963,658738,868174,NA,NA,NA,NA,NA,NA,NA
"198",458207,682563,883811,1106716,1242726,1428390,NA,NA,NA,NA
"199",1368238,NA,NA,NA,NA,NA,NA,NA,NA,NA
"200",0,NA,NA,NA,NA,NA,NA,NA,NA,NA
"201",0,NA,NA,NA,NA,NA,NA,NA,NA,NA
"202",0,NA,NA,NA,NA,NA,NA,NA,NA,NA
"203",0,NA,NA,NA,NA,NA,NA,NA,NA,NA
"204",0,NA,NA,NA,NA,NA,NA,NA,NA,NA
"205",0,NA,NA,NA,NA,NA,NA,NA,NA,NA
"206",50849,298288,305268,709310,787554,NA,NA,NA,NA,NA
"207",0,NA,NA,NA,NA,NA,NA,NA,NA,NA
"208",931248,NA,NA,NA,NA,NA,NA,NA,NA,NA
"209",788242,NA,NA,NA,NA,NA,NA,NA,NA,NA
"210",39544,NA,NA,NA,NA,NA,NA,NA,NA,NA
"211",0,NA,NA,NA,NA,NA,NA,NA,NA,NA
"212",0,NA,NA,NA,NA,NA,NA,NA,NA,NA
"213",667175,1183360,1286803,NA,NA,NA,NA,NA,NA,NA
"214",667175,1183360,1286803,NA,NA,NA,NA,NA,NA,NA
"215",288706,NA,NA,NA,NA,NA,NA,NA,NA,NA
"216",0,NA,NA,NA,NA,NA,NA,NA,NA,NA
"217",0,NA,NA,NA,NA,NA,NA,NA,NA,NA
"218",165723,423129,NA,NA,NA,NA,NA,NA,NA,NA
"219",0,NA,NA,NA,NA,NA,NA,NA,NA,NA
"220",364581,655120,909645,995456,1217652,NA,NA,NA,NA,NA
"221",0,NA,NA,NA,NA,NA,NA,NA,NA,NA
"222",0,NA,NA,NA,NA,NA,NA,NA,NA,NA
"223",0,NA,NA,NA,NA,NA,NA,NA,NA,NA
"224",167023,NA,NA,NA,NA,NA,NA,NA,NA,NA
"225",131293,NA,NA,NA,NA,NA,NA,NA,NA,NA
"226",204581,720401,979124,NA,NA,NA,NA,NA,NA,NA
"227",0,NA,NA,NA,NA,NA,NA,NA,NA,NA
"228",513982,NA,NA,NA,NA,NA,NA,NA,NA,NA
"229",0,NA,NA,NA,NA,NA,NA,NA,NA,NA
"230",45007,542689,675722,1066383,NA,NA,NA,NA,NA,NA
"231",376511,461261,704204,NA,NA,NA,NA,NA,NA,NA
"232",232916,525154,NA,NA,NA,NA,NA,NA,NA,NA
"233",0,NA,NA,NA,NA,NA,NA,NA,NA,NA
"234",310849,NA,NA,NA,NA,NA,NA,NA,NA,NA
"235",458723,1133066,1198762,NA,NA,NA,NA,NA,NA,NA
"236",10390,1098918,1167106,1179722,1255783,1433454,1436386,NA,NA,NA
"237",959885,1177653,1365101,NA,NA,NA,NA,NA,NA,NA
"238",1011773,NA,NA,NA,NA,NA,NA,NA,NA,NA
"239",0,NA,NA,NA,NA,NA,NA,NA,NA,NA
"240",0,NA,NA,NA,NA,NA,NA,NA,NA,NA
"241",71916,510228,847372,951700,1277564,1467109,NA,NA,NA,NA
"242",853541,NA,NA,NA,NA,NA,NA,NA,NA,NA
"243",136784,NA,NA,NA,NA,NA,NA,NA,NA,NA
"244",532575,1166079,NA,NA,NA,NA,NA,NA,NA,NA
"245",1345699,1452543,NA,NA,NA,NA,NA,NA,NA,NA
"246",689742,NA,NA,NA,NA,NA,NA,NA,NA,NA
"247",0,NA,NA,NA,NA,NA,NA,NA,NA,NA
"248",0,NA,NA,NA,NA,NA,NA,NA,NA,NA
"249",0,NA,NA,NA,NA,NA,NA,NA,NA,NA
"250",357217,468334,542690,NA,NA,NA,NA,NA,NA,NA
"251",0,NA,NA,NA,NA,NA,NA,NA,NA,NA
"252",0,NA,NA,NA,NA,NA,NA,NA,NA,NA
"253",0,NA,NA,NA,NA,NA,NA,NA,NA,NA
"254",869012,NA,NA,NA,NA,NA,NA,NA,NA,NA
"255",0,NA,NA,NA,NA,NA,NA,NA,NA,NA
"256",0,NA,NA,NA,NA,NA,NA,NA,NA,NA
"257",0,NA,NA,NA,NA,NA,NA,NA,NA,NA
"258",212193,730420,933361,NA,NA,NA,NA,NA,NA,NA
"259",1021985,NA,NA,NA,NA,NA,NA,NA,NA,NA
"260",1021985,NA,NA,NA,NA,NA,NA,NA,NA,NA
"261",1021985,NA,NA,NA,NA,NA,NA,NA,NA,NA
"262",0,NA,NA,NA,NA,NA,NA,NA,NA,NA
"263",309618,NA,NA,NA,NA,NA,NA,NA,NA,NA
"264",414273,1160304,1299048,NA,NA,NA,NA,NA,NA,NA
"265",16926,86752,269229,303489,362438,421163,533638,913764,1355121,NA
"266",117265,NA,NA,NA,NA,NA,NA,NA,NA,NA
"267",606901,1168820,NA,NA,NA,NA,NA,NA,NA,NA
"268",0,NA,NA,NA,NA,NA,NA,NA,NA,NA
"269",0,NA,NA,NA,NA,NA,NA,NA,NA,NA
"270",0,NA,NA,NA,NA,NA,NA,NA,NA,NA
"271",0,NA,NA,NA,NA,NA,NA,NA,NA,NA
"272",793766,NA,NA,NA,NA,NA,NA,NA,NA,NA
"273",0,NA,NA,NA,NA,NA,NA,NA,NA,NA
"274",182922,224258,NA,NA,NA,NA,NA,NA,NA,NA
"275",138635,614818,622139,1257441,NA,NA,NA,NA,NA,NA
"276",0,NA,NA,NA,NA,NA,NA,NA,NA,NA
"277",32024,150425,424578,627445,889073,1165028,1175507,1356319,1371859,NA
"278",113327,141713,187650,485414,592341,888910,1209815,1339317,1413879,NA
"279",419311,925673,1298484,NA,NA,NA,NA,NA,NA,NA
"280",56572,339100,509794,635746,835740,1150727,1289187,NA,NA,NA
"281",250800,NA,NA,NA,NA,NA,NA,NA,NA,NA
"282",542698,1017682,1261246,NA,NA,NA,NA,NA,NA,NA
"283",256613,NA,NA,NA,NA,NA,NA,NA,NA,NA
"284",0,NA,NA,NA,NA,NA,NA,NA,NA,NA
"285",0,NA,NA,NA,NA,NA,NA,NA,NA,NA
"286",1414753,NA,NA,NA,NA,NA,NA,NA,NA,NA
"287",0,NA,NA,NA,NA,NA,NA,NA,NA,NA
"288",0,NA,NA,NA,NA,NA,NA,NA,NA,NA
"289",422064,NA,NA,NA,NA,NA,NA,NA,NA,NA
"290",0,NA,NA,NA,NA,NA,NA,NA,NA,NA
"291",733120,NA,NA,NA,NA,NA,NA,NA,NA,NA
"292",0,NA,NA,NA,NA,NA,NA,NA,NA,NA
"293",166425,343837,383640,1056858,1144453,1155344,1375725,1433366,NA,NA
"294",204072,907101,1343262,1420475,NA,NA,NA,NA,NA,NA
"295",778112,1010799,1328695,NA,NA,NA,NA,NA,NA,NA
"296",0,NA,NA,NA,NA,NA,NA,NA,NA,NA
"297",832254,NA,NA,NA,NA,NA,NA,NA,NA,NA
"298",0,NA,NA,NA,NA,NA,NA,NA,NA,NA
"299",0,NA,NA,NA,NA,NA,NA,NA,NA,NA
"300",754902,NA,NA,NA,NA,NA,NA,NA,NA,NA
"301",96390,500057,634643,999405,NA,NA,NA,NA,NA,NA
"302",89730,99451,245037,290790,347655,949555,1023562,1055184,1228877,NA
"303",214555,238123,NA,NA,NA,NA,NA,NA,NA,NA
"304",34082,61111,138097,326800,404724,419156,685865,NA,NA,NA
"305",0,NA,NA,NA,NA,NA,NA,NA,NA,NA
"306",0,NA,NA,NA,NA,NA,NA,NA,NA,NA
"307",360645,520802,605067,1020742,1173412,1281719,1287425,1301815,1425887,NA
"308",139950,311684,1204372,NA,NA,NA,NA,NA,NA,NA
"309",1346498,1419234,NA,NA,NA,NA,NA,NA,NA,NA
"310",339590,NA,NA,NA,NA,NA,NA,NA,NA,NA
"311",589115,NA,NA,NA,NA,NA,NA,NA,NA,NA
"312",303310,824788,1007700,NA,NA,NA,NA,NA,NA,NA
"313",0,NA,NA,NA,NA,NA,NA,NA,NA,NA
"314",394434,627562,NA,NA,NA,NA,NA,NA,NA,NA
"315",34082,61111,138097,326800,404724,419156,685865,NA,NA,NA
"316",0,NA,NA,NA,NA,NA,NA,NA,NA,NA
"317",89730,99451,245037,290790,347655,949555,1023562,1055184,1228877,NA
"318",0,NA,NA,NA,NA,NA,NA,NA,NA,NA
"319",557356,NA,NA,NA,NA,NA,NA,NA,NA,NA
"320",52497,485154,491662,694955,NA,NA,NA,NA,NA,NA
"321",0,NA,NA,NA,NA,NA,NA,NA,NA,NA
"322",776201,1470466,NA,NA,NA,NA,NA,NA,NA,NA
"323",451337,NA,NA,NA,NA,NA,NA,NA,NA,NA
"324",0,NA,NA,NA,NA,NA,NA,NA,NA,NA
"325",0,NA,NA,NA,NA,NA,NA,NA,NA,NA
"326",87831,169426,NA,NA,NA,NA,NA,NA,NA,NA
"327",209632,217942,639865,810711,1024898,1243103,1348923,NA,NA,NA
"328",0,NA,NA,NA,NA,NA,NA,NA,NA,NA
"329",1291074,1345988,NA,NA,NA,NA,NA,NA,NA,NA
"330",77924,581046,NA,NA,NA,NA,NA,NA,NA,NA
"331",0,NA,NA,NA,NA,NA,NA,NA,NA,NA
"332",64643,593209,968357,1354292,NA,NA,NA,NA,NA,NA
"333",0,NA,NA,NA,NA,NA,NA,NA,NA,NA
"334",0,NA,NA,NA,NA,NA,NA,NA,NA,NA
"335",797288,893721,1461112,NA,NA,NA,NA,NA,NA,NA
"336",0,NA,NA,NA,NA,NA,NA,NA,NA,NA
"337",64710,455785,573450,1159371,1175628,1191972,1224512,1323620,1473442,NA
"338",216918,333308,NA,NA,NA,NA,NA,NA,NA,NA
"339",7623,7720,385888,NA,NA,NA,NA,NA,NA,NA
"340",649590,NA,NA,NA,NA,NA,NA,NA,NA,NA
"341",0,NA,NA,NA,NA,NA,NA,NA,NA,NA
"342",0,NA,NA,NA,NA,NA,NA,NA,NA,NA
"343",590063,942334,963272,NA,NA,NA,NA,NA,NA,NA
"344",0,NA,NA,NA,NA,NA,NA,NA,NA,NA
"345",0,NA,NA,NA,NA,NA,NA,NA,NA,NA
"346",146557,169340,172878,243849,457395,1190325,1343501,NA,NA,NA
"347",549999,1217152,NA,NA,NA,NA,NA,NA,NA,NA
"348",0,NA,NA,NA,NA,NA,NA,NA,NA,NA
"349",0,NA,NA,NA,NA,NA,NA,NA,NA,NA
"350",666632,778798,NA,NA,NA,NA,NA,NA,NA,NA
"351",0,NA,NA,NA,NA,NA,NA,NA,NA,NA
"352",0,NA,NA,NA,NA,NA,NA,NA,NA,NA
"353",49449,1243448,1259589,NA,NA,NA,NA,NA,NA,NA
"354",0,NA,NA,NA,NA,NA,NA,NA,NA,NA
"355",1208532,NA,NA,NA,NA,NA,NA,NA,NA,NA
"356",0,NA,NA,NA,NA,NA,NA,NA,NA,NA
"357",91321,125673,131105,1023296,1088819,1296615,NA,NA,NA,NA
"358",0,NA,NA,NA,NA,NA,NA,NA,NA,NA
"359",32024,424578,627445,889073,NA,NA,NA,NA,NA,NA
"360",83561,625532,635765,668399,884160,1036263,1053440,1283904,1309414,NA
"361",93090,NA,NA,NA,NA,NA,NA,NA,NA,NA
"362",0,NA,NA,NA,NA,NA,NA,NA,NA,NA
"363",0,NA,NA,NA,NA,NA,NA,NA,NA,NA
"364",0,NA,NA,NA,NA,NA,NA,NA,NA,NA
"365",0,NA,NA,NA,NA,NA,NA,NA,NA,NA
"366",853305,NA,NA,NA,NA,NA,NA,NA,NA,NA
"367",0,NA,NA,NA,NA,NA,NA,NA,NA,NA
"368",1278812,NA,NA,NA,NA,NA,NA,NA,NA,NA
"369",124985,NA,NA,NA,NA,NA,NA,NA,NA,NA
"370",1008651,1306650,1400110,NA,NA,NA,NA,NA,NA,NA
"371",413596,704640,NA,NA,NA,NA,NA,NA,NA,NA
"372",0,NA,NA,NA,NA,NA,NA,NA,NA,NA
"373",800999,1472368,NA,NA,NA,NA,NA,NA,NA,NA
"374",0,NA,NA,NA,NA,NA,NA,NA,NA,NA
"375",0,NA,NA,NA,NA,NA,NA,NA,NA,NA
"376",0,NA,NA,NA,NA,NA,NA,NA,NA,NA
"377",0,NA,NA,NA,NA,NA,NA,NA,NA,NA
"378",966884,NA,NA,NA,NA,NA,NA,NA,NA,NA
"379",691654,1358146,1418843,NA,NA,NA,NA,NA,NA,NA
"380",150424,729228,NA,NA,NA,NA,NA,NA,NA,NA
"381",0,NA,NA,NA,NA,NA,NA,NA,NA,NA
"382",331451,NA,NA,NA,NA,NA,NA,NA,NA,NA
"383",897967,965648,NA,NA,NA,NA,NA,NA,NA,NA
"384",323486,755848,783944,923351,1171580,NA,NA,NA,NA,NA
"385",0,NA,NA,NA,NA,NA,NA,NA,NA,NA
"386",869151,NA,NA,NA,NA,NA,NA,NA,NA,NA
"387",644074,1082703,NA,NA,NA,NA,NA,NA,NA,NA
"388",129965,424838,NA,NA,NA,NA,NA,NA,NA,NA
"389",995599,NA,NA,NA,NA,NA,NA,NA,NA,NA
"390",0,NA,NA,NA,NA,NA,NA,NA,NA,NA
"391",1041715,NA,NA,NA,NA,NA,NA,NA,NA,NA
"392",116162,NA,NA,NA,NA,NA,NA,NA,NA,NA
"393",244706,321977,661332,812938,881376,1155008,1332168,NA,NA,NA
"394",0,NA,NA,NA,NA,NA,NA,NA,NA,NA
"395",48062,NA,NA,NA,NA,NA,NA,NA,NA,NA
"396",0,NA,NA,NA,NA,NA,NA,NA,NA,NA
"397",1112245,NA,NA,NA,NA,NA,NA,NA,NA,NA
"398",0,NA,NA,NA,NA,NA,NA,NA,NA,NA
"399",0,NA,NA,NA,NA,NA,NA,NA,NA,NA
"400",0,NA,NA,NA,NA,NA,NA,NA,NA,NA
"401",614295,1132354,NA,NA,NA,NA,NA,NA,NA,NA
"402",260008,NA,NA,NA,NA,NA,NA,NA,NA,NA
"403",0,NA,NA,NA,NA,NA,NA,NA,NA,NA
"404",0,NA,NA,NA,NA,NA,NA,NA,NA,NA
"405",1318,141730,189717,210102,711835,1135555,NA,NA,NA,NA
"406",957209,NA,NA,NA,NA,NA,NA,NA,NA,NA
"407",17513,374678,487086,731848,NA,NA,NA,NA,NA,NA
"408",0,NA,NA,NA,NA,NA,NA,NA,NA,NA
"409",0,NA,NA,NA,NA,NA,NA,NA,NA,NA
"410",0,NA,NA,NA,NA,NA,NA,NA,NA,NA
"411",7512,587128,623976,1224770,1237363,NA,NA,NA,NA,NA
"412",809546,907058,1164459,NA,NA,NA,NA,NA,NA,NA
"413",626782,817093,NA,NA,NA,NA,NA,NA,NA,NA
"414",276125,962574,NA,NA,NA,NA,NA,NA,NA,NA
"415",405780,471132,805486,1086891,NA,NA,NA,NA,NA,NA
"416",265838,NA,NA,NA,NA,NA,NA,NA,NA,NA
"417",1222543,1333899,NA,NA,NA,NA,NA,NA,NA,NA
"418",196011,511087,570742,740471,1194558,NA,NA,NA,NA,NA
"419",0,NA,NA,NA,NA,NA,NA,NA,NA,NA
"420",74560,1058363,1375822,1392455,1451988,NA,NA,NA,NA,NA
"421",983674,1107910,1333821,NA,NA,NA,NA,NA,NA,NA
"422",0,NA,NA,NA,NA,NA,NA,NA,NA,NA
"423",360645,520802,605067,1020742,1173412,1281719,1287425,1301815,1425887,NA
"424",0,NA,NA,NA,NA,NA,NA,NA,NA,NA
"425",143139,441852,568463,1157642,1356354,NA,NA,NA,NA,NA
"426",268197,644486,753891,865368,944712,968620,1235308,NA,NA,NA
"427",480137,623091,981616,1171303,1434351,NA,NA,NA,NA,NA
"428",0,NA,NA,NA,NA,NA,NA,NA,NA,NA
"429",0,NA,NA,NA,NA,NA,NA,NA,NA,NA
"430",0,NA,NA,NA,NA,NA,NA,NA,NA,NA
"431",0,NA,NA,NA,NA,NA,NA,NA,NA,NA
"432",190310,190311,201289,237618,478749,894279,1008652,1097226,1192831,NA
"433",87843,NA,NA,NA,NA,NA,NA,NA,NA,NA
"434",550809,NA,NA,NA,NA,NA,NA,NA,NA,NA
"435",1110404,1162665,1311350,NA,NA,NA,NA,NA,NA,NA
"436",0,NA,NA,NA,NA,NA,NA,NA,NA,NA
"437",114174,265277,356327,787845,1287428,1457805,NA,NA,NA,NA
"438",0,NA,NA,NA,NA,NA,NA,NA,NA,NA
"439",0,NA,NA,NA,NA,NA,NA,NA,NA,NA
"440",1184616,NA,NA,NA,NA,NA,NA,NA,NA,NA
"441",202851,334642,NA,NA,NA,NA,NA,NA,NA,NA
"442",209632,217942,639865,810711,1348923,NA,NA,NA,NA,NA
"443",1115959,NA,NA,NA,NA,NA,NA,NA,NA,NA
"444",1392751,NA,NA,NA,NA,NA,NA,NA,NA,NA
"445",1287428,1332653,NA,NA,NA,NA,NA,NA,NA,NA
"446",175429,526772,555985,1217717,1226144,1361884,NA,NA,NA,NA
"447",0,NA,NA,NA,NA,NA,NA,NA,NA,NA
"448",353477,NA,NA,NA,NA,NA,NA,NA,NA,NA
"449",346018,633531,750021,NA,NA,NA,NA,NA,NA,NA
"450",250691,337347,NA,NA,NA,NA,NA,NA,NA,NA
"451",75793,337581,581507,1261435,NA,NA,NA,NA,NA,NA
"452",36000,748244,NA,NA,NA,NA,NA,NA,NA,NA
"453",112617,1185398,1240389,1273624,1461152,NA,NA,NA,NA,NA
"454",16926,86752,303489,362438,421163,533638,913764,1355121,NA,NA
"455",510833,623625,NA,NA,NA,NA,NA,NA,NA,NA
"456",0,NA,NA,NA,NA,NA,NA,NA,NA,NA
"457",0,NA,NA,NA,NA,NA,NA,NA,NA,NA
"458",1110810,1210428,NA,NA,NA,NA,NA,NA,NA,NA
"459",101628,108302,594785,946817,NA,NA,NA,NA,NA,NA
"460",98111,220970,661508,1234905,NA,NA,NA,NA,NA,NA
"461",786160,NA,NA,NA,NA,NA,NA,NA,NA,NA
"462",362834,862371,1127221,NA,NA,NA,NA,NA,NA,NA
"463",161462,NA,NA,NA,NA,NA,NA,NA,NA,NA
"464",0,NA,NA,NA,NA,NA,NA,NA,NA,NA
"465",658090,NA,NA,NA,NA,NA,NA,NA,NA,NA
"466",0,NA,NA,NA,NA,NA,NA,NA,NA,NA
"467",0,NA,NA,NA,NA,NA,NA,NA,NA,NA
"468",928740,NA,NA,NA,NA,NA,NA,NA,NA,NA
"469",163847,625771,881377,NA,NA,NA,NA,NA,NA,NA
"470",209234,719679,NA,NA,NA,NA,NA,NA,NA,NA
"471",247802,465178,480237,723203,996274,1036878,NA,NA,NA,NA
"472",0,NA,NA,NA,NA,NA,NA,NA,NA,NA
"473",42732,NA,NA,NA,NA,NA,NA,NA,NA,NA
"474",72137,586800,635687,718229,1260110,1369103,NA,NA,NA,NA
"475",159713,551013,561750,872523,931238,952625,952869,1235449,1454422,NA
"476",982696,1069464,1143423,1280763,1304039,NA,NA,NA,NA,NA
"477",0,NA,NA,NA,NA,NA,NA,NA,NA,NA
"478",425609,438397,NA,NA,NA,NA,NA,NA,NA,NA
"479",0,NA,NA,NA,NA,NA,NA,NA,NA,NA
"480",108062,235550,661780,NA,NA,NA,NA,NA,NA,NA
"481",1421482,NA,NA,NA,NA,NA,NA,NA,NA,NA
"482",0,NA,NA,NA,NA,NA,NA,NA,NA,NA
"483",373583,1023472,1109609,1179573,1284294,1359132,1418109,1438160,NA,NA
"484",0,NA,NA,NA,NA,NA,NA,NA,NA,NA
"485",0,NA,NA,NA,NA,NA,NA,NA,NA,NA
"486",348737,505065,NA,NA,NA,NA,NA,NA,NA,NA
"487",0,NA,NA,NA,NA,NA,NA,NA,NA,NA
"488",0,NA,NA,NA,NA,NA,NA,NA,NA,NA
"489",279436,941034,1426400,NA,NA,NA,NA,NA,NA,NA
"490",71894,302609,890449,NA,NA,NA,NA,NA,NA,NA
"491",0,NA,NA,NA,NA,NA,NA,NA,NA,NA
"492",0,NA,NA,NA,NA,NA,NA,NA,NA,NA
"493",0,NA,NA,NA,NA,NA,NA,NA,NA,NA
"494",60314,NA,NA,NA,NA,NA,NA,NA,NA,NA
"495",167179,479206,512645,545536,772352,1256245,NA,NA,NA,NA
"496",0,NA,NA,NA,NA,NA,NA,NA,NA,NA
"497",595676,NA,NA,NA,NA,NA,NA,NA,NA,NA
"498",943603,1012953,NA,NA,NA,NA,NA,NA,NA,NA
"499",268658,330449,520482,865812,NA,NA,NA,NA,NA,NA
"500",0,NA,NA,NA,NA,NA,NA,NA,NA,NA
"501",1253071,NA,NA,NA,NA,NA,NA,NA,NA,NA
"502",1179142,1235185,1334084,NA,NA,NA,NA,NA,NA,NA
"503",0,NA,NA,NA,NA,NA,NA,NA,NA,NA
"504",527529,852288,968126,1134873,NA,NA,NA,NA,NA,NA
"505",1211311,NA,NA,NA,NA,NA,NA,NA,NA,NA
"506",778112,1010799,1328695,NA,NA,NA,NA,NA,NA,NA
"507",0,NA,NA,NA,NA,NA,NA,NA,NA,NA
"508",0,NA,NA,NA,NA,NA,NA,NA,NA,NA
"509",77928,130315,435569,506251,590962,1166402,1167307,1208935,NA,NA
"510",1229291,NA,NA,NA,NA,NA,NA,NA,NA,NA
"511",0,NA,NA,NA,NA,NA,NA,NA,NA,NA
"512",0,NA,NA,NA,NA,NA,NA,NA,NA,NA
"513",824235,NA,NA,NA,NA,NA,NA,NA,NA,NA
"514",739693,861891,NA,NA,NA,NA,NA,NA,NA,NA
"515",673117,1125634,1208755,NA,NA,NA,NA,NA,NA,NA
"516",0,NA,NA,NA,NA,NA,NA,NA,NA,NA
"517",55195,NA,NA,NA,NA,NA,NA,NA,NA,NA
"518",0,NA,NA,NA,NA,NA,NA,NA,NA,NA
"519",967764,1384160,NA,NA,NA,NA,NA,NA,NA,NA
"520",38652,668074,NA,NA,NA,NA,NA,NA,NA,NA
"521",0,NA,NA,NA,NA,NA,NA,NA,NA,NA
"522",354171,661981,NA,NA,NA,NA,NA,NA,NA,NA
"523",0,NA,NA,NA,NA,NA,NA,NA,NA,NA
"524",1017960,1166288,1238353,1241466,1257796,1315117,1315854,1344011,NA,NA
"525",0,NA,NA,NA,NA,NA,NA,NA,NA,NA
"526",112831,NA,NA,NA,NA,NA,NA,NA,NA,NA
"527",112619,279369,405782,719439,1220105,NA,NA,NA,NA,NA
"528",0,NA,NA,NA,NA,NA,NA,NA,NA,NA
"529",594130,595940,685627,778266,1437289,1439333,1448055,NA,NA,NA
"530",140701,273064,813719,NA,NA,NA,NA,NA,NA,NA
"531",0,NA,NA,NA,NA,NA,NA,NA,NA,NA
"532",0,NA,NA,NA,NA,NA,NA,NA,NA,NA
"533",283921,981514,NA,NA,NA,NA,NA,NA,NA,NA
"534",993849,NA,NA,NA,NA,NA,NA,NA,NA,NA
"535",294885,762779,862203,1028827,NA,NA,NA,NA,NA,NA
"536",1258074,NA,NA,NA,NA,NA,NA,NA,NA,NA
"537",632344,NA,NA,NA,NA,NA,NA,NA,NA,NA
"538",525694,1159936,1288880,NA,NA,NA,NA,NA,NA,NA
"539",657724,NA,NA,NA,NA,NA,NA,NA,NA,NA
"540",1105584,1438534,NA,NA,NA,NA,NA,NA,NA,NA
"541",0,NA,NA,NA,NA,NA,NA,NA,NA,NA
"542",0,NA,NA,NA,NA,NA,NA,NA,NA,NA
"543",1455118,NA,NA,NA,NA,NA,NA,NA,NA,NA
"544",0,NA,NA,NA,NA,NA,NA,NA,NA,NA
"545",0,NA,NA,NA,NA,NA,NA,NA,NA,NA
"546",297182,880870,889587,1251436,NA,NA,NA,NA,NA,NA
"547",0,NA,NA,NA,NA,NA,NA,NA,NA,NA
"548",0,NA,NA,NA,NA,NA,NA,NA,NA,NA
"549",802297,1236909,NA,NA,NA,NA,NA,NA,NA,NA
"550",672663,NA,NA,NA,NA,NA,NA,NA,NA,NA
"551",207983,319230,555298,686355,761497,917964,1110147,1232074,1396651,NA
"552",275767,936939,1113594,NA,NA,NA,NA,NA,NA,NA
"553",52605,NA,NA,NA,NA,NA,NA,NA,NA,NA
"554",0,NA,NA,NA,NA,NA,NA,NA,NA,NA
"555",443516,509568,850633,1065250,1212432,NA,NA,NA,NA,NA
"556",0,NA,NA,NA,NA,NA,NA,NA,NA,NA
"557",0,NA,NA,NA,NA,NA,NA,NA,NA,NA
"558",0,NA,NA,NA,NA,NA,NA,NA,NA,NA
"559",657727,NA,NA,NA,NA,NA,NA,NA,NA,NA
"560",0,NA,NA,NA,NA,NA,NA,NA,NA,NA
"561",797288,893721,1461112,NA,NA,NA,NA,NA,NA,NA
"562",1008100,1402484,NA,NA,NA,NA,NA,NA,NA,NA
"563",0,NA,NA,NA,NA,NA,NA,NA,NA,NA
"564",0,NA,NA,NA,NA,NA,NA,NA,NA,NA
"565",0,NA,NA,NA,NA,NA,NA,NA,NA,NA
"566",490831,994090,1141845,1163765,NA,NA,NA,NA,NA,NA
"567",0,NA,NA,NA,NA,NA,NA,NA,NA,NA
"568",853794,NA,NA,NA,NA,NA,NA,NA,NA,NA
"569",0,NA,NA,NA,NA,NA,NA,NA,NA,NA
"570",926153,1143744,1364869,NA,NA,NA,NA,NA,NA,NA
"571",1347752,NA,NA,NA,NA,NA,NA,NA,NA,NA
"572",41214,1321569,1409237,NA,NA,NA,NA,NA,NA,NA
"573",0,NA,NA,NA,NA,NA,NA,NA,NA,NA
"574",0,NA,NA,NA,NA,NA,NA,NA,NA,NA
"575",0,NA,NA,NA,NA,NA,NA,NA,NA,NA
"576",0,NA,NA,NA,NA,NA,NA,NA,NA,NA
"577",0,NA,NA,NA,NA,NA,NA,NA,NA,NA
"578",47775,131849,805735,NA,NA,NA,NA,NA,NA,NA
"579",906724,1174607,NA,NA,NA,NA,NA,NA,NA,NA
"580",34018,371910,376541,1294218,NA,NA,NA,NA,NA,NA
"581",990354,1180532,NA,NA,NA,NA,NA,NA,NA,NA
"582",81217,363458,666961,1140053,NA,NA,NA,NA,NA,NA
"583",1229564,NA,NA,NA,NA,NA,NA,NA,NA,NA
"584",991463,NA,NA,NA,NA,NA,NA,NA,NA,NA
"585",222057,236550,327053,398511,459188,481585,654950,1150673,NA,NA
"586",0,NA,NA,NA,NA,NA,NA,NA,NA,NA
"587",23336,224548,436172,487302,507757,512689,612763,705159,NA,NA
"588",52607,571531,NA,NA,NA,NA,NA,NA,NA,NA
"589",0,NA,NA,NA,NA,NA,NA,NA,NA,NA
"590",937784,1240463,1361087,NA,NA,NA,NA,NA,NA,NA
"591",0,NA,NA,NA,NA,NA,NA,NA,NA,NA
"592",5565,NA,NA,NA,NA,NA,NA,NA,NA,NA
"593",424068,467614,626028,668710,964737,988555,NA,NA,NA,NA
"594",139709,NA,NA,NA,NA,NA,NA,NA,NA,NA
"595",514694,1339529,NA,NA,NA,NA,NA,NA,NA,NA
"596",33165,330016,616625,875412,NA,NA,NA,NA,NA,NA
"597",0,NA,NA,NA,NA,NA,NA,NA,NA,NA
"598",1404760,NA,NA,NA,NA,NA,NA,NA,NA,NA
"599",510840,571962,1346397,NA,NA,NA,NA,NA,NA,NA
"600",560994,657726,665922,683329,940638,NA,NA,NA,NA,NA
"601",0,NA,NA,NA,NA,NA,NA,NA,NA,NA
"602",340757,NA,NA,NA,NA,NA,NA,NA,NA,NA
"603",0,NA,NA,NA,NA,NA,NA,NA,NA,NA
"604",1229456,NA,NA,NA,NA,NA,NA,NA,NA,NA
"605",922164,NA,NA,NA,NA,NA,NA,NA,NA,NA
"606",0,NA,NA,NA,NA,NA,NA,NA,NA,NA
"607",0,NA,NA,NA,NA,NA,NA,NA,NA,NA
"608",582980,972488,NA,NA,NA,NA,NA,NA,NA,NA
"609",277022,311787,1273876,NA,NA,NA,NA,NA,NA,NA
"610",324034,1155794,NA,NA,NA,NA,NA,NA,NA,NA
"611",147245,224723,400379,516494,1044684,1055422,1242513,1355607,1388470,NA
"612",0,NA,NA,NA,NA,NA,NA,NA,NA,NA
"613",615087,NA,NA,NA,NA,NA,NA,NA,NA,NA
"614",33165,330016,616625,875412,NA,NA,NA,NA,NA,NA
"615",0,NA,NA,NA,NA,NA,NA,NA,NA,NA
"616",852600,1086421,NA,NA,NA,NA,NA,NA,NA,NA
"617",538976,757719,NA,NA,NA,NA,NA,NA,NA,NA
"618",0,NA,NA,NA,NA,NA,NA,NA,NA,NA
"619",0,NA,NA,NA,NA,NA,NA,NA,NA,NA
"620",1033103,NA,NA,NA,NA,NA,NA,NA,NA,NA
"621",451346,NA,NA,NA,NA,NA,NA,NA,NA,NA
"622",1288050,1435534,NA,NA,NA,NA,NA,NA,NA,NA
"623",932890,1222185,1283037,1438205,1470779,NA,NA,NA,NA,NA
"624",166289,591661,606655,919561,980750,1473680,NA,NA,NA,NA
"625",910892,NA,NA,NA,NA,NA,NA,NA,NA,NA
"626",303382,622150,1196194,1249394,NA,NA,NA,NA,NA,NA
"627",950706,1159941,NA,NA,NA,NA,NA,NA,NA,NA
"628",0,NA,NA,NA,NA,NA,NA,NA,NA,NA
"629",615815,1335433,1361251,NA,NA,NA,NA,NA,NA,NA
"630",220417,1355009,1368564,NA,NA,NA,NA,NA,NA,NA
"631",0,NA,NA,NA,NA,NA,NA,NA,NA,NA
"632",0,NA,NA,NA,NA,NA,NA,NA,NA,NA
"633",0,NA,NA,NA,NA,NA,NA,NA,NA,NA
"634",0,NA,NA,NA,NA,NA,NA,NA,NA,NA
"635",77956,870678,NA,NA,NA,NA,NA,NA,NA,NA
"636",0,NA,NA,NA,NA,NA,NA,NA,NA,NA
"637",348564,NA,NA,NA,NA,NA,NA,NA,NA,NA
"638",894885,NA,NA,NA,NA,NA,NA,NA,NA,NA
"639",75901,1229386,1273355,1329692,1418329,1420148,1456688,NA,NA,NA
"640",244706,321977,661332,812938,881376,1155008,1332168,NA,NA,NA
"641",491820,537964,763030,968359,NA,NA,NA,NA,NA,NA
"642",350354,731384,1379247,1417300,NA,NA,NA,NA,NA,NA
"643",0,NA,NA,NA,NA,NA,NA,NA,NA,NA
"644",569684,652854,696755,NA,NA,NA,NA,NA,NA,NA
"645",0,NA,NA,NA,NA,NA,NA,NA,NA,NA
"646",47448,907089,1043910,1230081,1398439,1442267,NA,NA,NA,NA
"647",573709,1346922,NA,NA,NA,NA,NA,NA,NA,NA
"648",474504,862996,867220,NA,NA,NA,NA,NA,NA,NA
"649",0,NA,NA,NA,NA,NA,NA,NA,NA,NA
"650",15055,665425,1136791,NA,NA,NA,NA,NA,NA,NA
"651",3357,NA,NA,NA,NA,NA,NA,NA,NA,NA
"652",0,NA,NA,NA,NA,NA,NA,NA,NA,NA
"653",1021985,NA,NA,NA,NA,NA,NA,NA,NA,NA
"654",728585,938560,NA,NA,NA,NA,NA,NA,NA,NA
"655",323541,413141,836754,NA,NA,NA,NA,NA,NA,NA
"656",0,NA,NA,NA,NA,NA,NA,NA,NA,NA
"657",0,NA,NA,NA,NA,NA,NA,NA,NA,NA
"658",657473,1265113,NA,NA,NA,NA,NA,NA,NA,NA
"659",286711,824812,NA,NA,NA,NA,NA,NA,NA,NA
"660",1291074,1345988,NA,NA,NA,NA,NA,NA,NA,NA
"661",0,NA,NA,NA,NA,NA,NA,NA,NA,NA
"662",162704,591458,862388,NA,NA,NA,NA,NA,NA,NA
"663",0,NA,NA,NA,NA,NA,NA,NA,NA,NA
"664",0,NA,NA,NA,NA,NA,NA,NA,NA,NA
"665",766100,1030920,1057120,1352939,NA,NA,NA,NA,NA,NA
"666",93777,366312,680989,696461,1284076,1382059,1385077,1439463,NA,NA
"667",145305,570328,NA,NA,NA,NA,NA,NA,NA,NA
"668",131220,335783,674354,NA,NA,NA,NA,NA,NA,NA
"669",551967,1398852,NA,NA,NA,NA,NA,NA,NA,NA
"670",123498,243850,433627,458444,692746,699940,1314609,1339308,1463807,NA
"671",0,NA,NA,NA,NA,NA,NA,NA,NA,NA
"672",1008291,NA,NA,NA,NA,NA,NA,NA,NA,NA
"673",143139,441852,568463,1157642,1356354,NA,NA,NA,NA,NA
"674",103963,658738,868174,NA,NA,NA,NA,NA,NA,NA
"675",0,NA,NA,NA,NA,NA,NA,NA,NA,NA
"676",329658,1179399,NA,NA,NA,NA,NA,NA,NA,NA
"677",141672,1041675,1374845,NA,NA,NA,NA,NA,NA,NA
"678",0,NA,NA,NA,NA,NA,NA,NA,NA,NA
"679",0,NA,NA,NA,NA,NA,NA,NA,NA,NA
"680",0,NA,NA,NA,NA,NA,NA,NA,NA,NA
"681",210638,1205348,1455124,NA,NA,NA,NA,NA,NA,NA
"682",56457,305768,447588,625773,NA,NA,NA,NA,NA,NA
"683",0,NA,NA,NA,NA,NA,NA,NA,NA,NA
"684",57997,281950,NA,NA,NA,NA,NA,NA,NA,NA
"685",93777,366312,680989,696461,1284076,1382059,1385077,1439463,NA,NA
"686",99301,198100,NA,NA,NA,NA,NA,NA,NA,NA
"687",743410,762869,1152822,NA,NA,NA,NA,NA,NA,NA
"688",991744,997691,1019780,1361952,NA,NA,NA,NA,NA,NA
"689",0,NA,NA,NA,NA,NA,NA,NA,NA,NA
"690",61189,79180,79672,497710,1166600,NA,NA,NA,NA,NA
"691",0,NA,NA,NA,NA,NA,NA,NA,NA,NA
"692",486670,855039,924007,1245685,NA,NA,NA,NA,NA,NA
"693",69847,304875,359636,862910,966483,1140461,1255215,1328378,NA,NA
"694",0,NA,NA,NA,NA,NA,NA,NA,NA,NA
"695",24577,545374,780723,NA,NA,NA,NA,NA,NA,NA
"696",805739,1035081,NA,NA,NA,NA,NA,NA,NA,NA
"697",876159,1001193,1022712,1426630,NA,NA,NA,NA,NA,NA
"698",554884,NA,NA,NA,NA,NA,NA,NA,NA,NA
"699",0,NA,NA,NA,NA,NA,NA,NA,NA,NA
"700",804964,860878,NA,NA,NA,NA,NA,NA,NA,NA
"701",0,NA,NA,NA,NA,NA,NA,NA,NA,NA
"702",90175,696123,NA,NA,NA,NA,NA,NA,NA,NA
"703",90838,121798,494783,580014,609492,1217606,NA,NA,NA,NA
"704",180636,510843,1066828,NA,NA,NA,NA,NA,NA,NA
"705",1035376,1463343,NA,NA,NA,NA,NA,NA,NA,NA
"706",0,NA,NA,NA,NA,NA,NA,NA,NA,NA
"707",79669,NA,NA,NA,NA,NA,NA,NA,NA,NA
"708",0,NA,NA,NA,NA,NA,NA,NA,NA,NA
"709",197464,425602,437286,478548,678913,849599,NA,NA,NA,NA
"710",142760,161992,667427,1301297,NA,NA,NA,NA,NA,NA
"711",0,NA,NA,NA,NA,NA,NA,NA,NA,NA
"712",0,NA,NA,NA,NA,NA,NA,NA,NA,NA
"713",0,NA,NA,NA,NA,NA,NA,NA,NA,NA
"714",522526,542174,NA,NA,NA,NA,NA,NA,NA,NA
"715",0,NA,NA,NA,NA,NA,NA,NA,NA,NA
"716",0,NA,NA,NA,NA,NA,NA,NA,NA,NA
"717",175429,526772,555985,1217717,1226144,1361884,NA,NA,NA,NA
"718",811266,1055248,1478106,NA,NA,NA,NA,NA,NA,NA
"719",131408,NA,NA,NA,NA,NA,NA,NA,NA,NA
"720",393383,827693,1242768,1248541,NA,NA,NA,NA,NA,NA
"721",0,NA,NA,NA,NA,NA,NA,NA,NA,NA
"722",0,NA,NA,NA,NA,NA,NA,NA,NA,NA
"723",79169,727607,NA,NA,NA,NA,NA,NA,NA,NA
"724",0,NA,NA,NA,NA,NA,NA,NA,NA,NA
"725",396773,NA,NA,NA,NA,NA,NA,NA,NA,NA
"726",134593,373544,763046,1074485,NA,NA,NA,NA,NA,NA
"727",175189,542436,651503,1223916,1259300,NA,NA,NA,NA,NA
"728",0,NA,NA,NA,NA,NA,NA,NA,NA,NA
"729",0,NA,NA,NA,NA,NA,NA,NA,NA,NA
"730",0,NA,NA,NA,NA,NA,NA,NA,NA,NA
"731",0,NA,NA,NA,NA,NA,NA,NA,NA,NA
"732",0,NA,NA,NA,NA,NA,NA,NA,NA,NA
"733",825693,872522,NA,NA,NA,NA,NA,NA,NA,NA
"734",0,NA,NA,NA,NA,NA,NA,NA,NA,NA
"735",430220,1285223,NA,NA,NA,NA,NA,NA,NA,NA
"736",390210,547512,742126,1076504,NA,NA,NA,NA,NA,NA
"737",32024,424578,627445,889073,NA,NA,NA,NA,NA,NA
"738",0,NA,NA,NA,NA,NA,NA,NA,NA,NA
"739",0,NA,NA,NA,NA,NA,NA,NA,NA,NA
"740",189797,463103,576701,NA,NA,NA,NA,NA,NA,NA
"741",0,NA,NA,NA,NA,NA,NA,NA,NA,NA
"742",0,NA,NA,NA,NA,NA,NA,NA,NA,NA
"743",31166,705131,NA,NA,NA,NA,NA,NA,NA,NA
"744",0,NA,NA,NA,NA,NA,NA,NA,NA,NA
"745",195119,367804,NA,NA,NA,NA,NA,NA,NA,NA
"746",875308,NA,NA,NA,NA,NA,NA,NA,NA,NA
"747",1224726,NA,NA,NA,NA,NA,NA,NA,NA,NA
"748",0,NA,NA,NA,NA,NA,NA,NA,NA,NA
"749",485544,805991,NA,NA,NA,NA,NA,NA,NA,NA
"750",108462,213436,1162693,1303445,1468647,1476020,NA,NA,NA,NA
"751",0,NA,NA,NA,NA,NA,NA,NA,NA,NA
"752",89463,250811,276129,326032,354064,NA,NA,NA,NA,NA
"753",0,NA,NA,NA,NA,NA,NA,NA,NA,NA
"754",0,NA,NA,NA,NA,NA,NA,NA,NA,NA
"755",0,NA,NA,NA,NA,NA,NA,NA,NA,NA
"756",0,NA,NA,NA,NA,NA,NA,NA,NA,NA
"757",0,NA,NA,NA,NA,NA,NA,NA,NA,NA
"758",0,NA,NA,NA,NA,NA,NA,NA,NA,NA
"759",25216,139091,249718,429335,793453,NA,NA,NA,NA,NA
"760",31573,364425,434598,434603,532536,589000,956035,NA,NA,NA
"761",437551,NA,NA,NA,NA,NA,NA,NA,NA,NA
"762",626273,917646,1032920,1084728,NA,NA,NA,NA,NA,NA
"763",182903,531494,638014,NA,NA,NA,NA,NA,NA,NA
"764",316706,825700,NA,NA,NA,NA,NA,NA,NA,NA
"765",1291074,1345988,NA,NA,NA,NA,NA,NA,NA,NA
"766",194324,953121,1394380,NA,NA,NA,NA,NA,NA,NA
"767",0,NA,NA,NA,NA,NA,NA,NA,NA,NA
"768",0,NA,NA,NA,NA,NA,NA,NA,NA,NA
"769",97299,532772,830219,NA,NA,NA,NA,NA,NA,NA
"770",0,NA,NA,NA,NA,NA,NA,NA,NA,NA
"771",285664,370704,444073,517176,564080,632936,1209344,1308153,NA,NA
"772",643819,NA,NA,NA,NA,NA,NA,NA,NA,NA
"773",0,NA,NA,NA,NA,NA,NA,NA,NA,NA
"774",0,NA,NA,NA,NA,NA,NA,NA,NA,NA
"775",0,NA,NA,NA,NA,NA,NA,NA,NA,NA
"776",0,NA,NA,NA,NA,NA,NA,NA,NA,NA
"777",142497,929953,1034132,NA,NA,NA,NA,NA,NA,NA
"778",340127,1239559,1464998,NA,NA,NA,NA,NA,NA,NA
"779",0,NA,NA,NA,NA,NA,NA,NA,NA,NA
"780",145470,189184,198047,798247,1151301,NA,NA,NA,NA,NA
"781",0,NA,NA,NA,NA,NA,NA,NA,NA,NA
"782",0,NA,NA,NA,NA,NA,NA,NA,NA,NA
"783",323486,755848,783944,923351,1171580,NA,NA,NA,NA,NA
"784",278337,907715,1058793,1125193,1196723,1379138,NA,NA,NA,NA
"785",0,NA,NA,NA,NA,NA,NA,NA,NA,NA
"786",0,NA,NA,NA,NA,NA,NA,NA,NA,NA
"787",0,NA,NA,NA,NA,NA,NA,NA,NA,NA
